{
	"id": "c9f61aff5c54f745ea9cab4a847315bb",
	"_format": "hh-sol-build-info-1",
	"solcVersion": "0.8.30",
	"solcLongVersion": "0.8.30+commit.73712a01",
	"input": {
		"language": "Solidity",
		"sources": {
			"sds.sol": {
				"content": "// SPDX-License-Identifier: MIT\r\npragma solidity ^0.8.30;\r\n\r\n\r\n"
			}
		},
		"settings": {
			"optimizer": {
				"enabled": false,
				"runs": 200
			},
			"outputSelection": {
				"*": {
					"": [
						"ast"
					],
					"*": [
						"abi",
						"metadata",
						"devdoc",
						"userdoc",
						"storageLayout",
						"evm.legacyAssembly",
						"evm.bytecode",
						"evm.deployedBytecode",
						"evm.methodIdentifiers",
						"evm.gasEstimates",
						"evm.assembly"
					]
				}
			},
			"remappings": []
		}
	},
	"output": {
		"sources": {
			"sds.sol": {
				"ast": {
					"absolutePath": "sds.sol",
					"exportedSymbols": {},
					"id": 2,
					"license": "MIT",
					"nodeType": "SourceUnit",
					"nodes": [
						{
							"id": 1,
							"literals": [
								"solidity",
								"^",
								"0.8",
								".30"
							],
							"nodeType": "PragmaDirective",
							"src": "33:24:0"
						}
					],
					"src": "33:30:0"
				},
				"id": 0
			}
		}
	}
}